id,Title,Content,"Image Featured",Date,Slug
152,"Value Traded (In USD Mn)","A 5-year overview of the GCC stock markets’ liquidity (traded value) reveals a falling trend. Saudi Arabia value traded almost halved from over $529 billion in 2014 to a little over $235 billion in 2018, While UAE shed more than 80% of its value from its peak in 2014.",https://www.marmoremena.com/wp-content/uploads/2019/04/info4.jpg,2019-01-30,value-traded
190,"Real GDP Growth Rate (in %)","The inflation-adjusted GDP growth in all economies of the Arabian Gulf region is poised to gather momentum from this year through 2021. As the infographics shows, Saudi Arabia, Oman and Kuwait are forecast to see a great leap from negative GDP growth in 2017 to a positive one from this year. Oil price stabilization is expected to ease fiscal pressure and enable governments to adopt expansionary fiscal stance that should, in turn, boost GDP growth.",https://www.marmoremena.com/wp-content/uploads/2019/04/tm-img-62.jpg,2018-12-19,real-gdp-growth-rate-in
192,"THINK TANKS IN GCC","These are interesting times in the Gulf as the region is undergoing seismic socio-economic transformation. As the oil-based economies move towards a post-oil future, the role of think tanks to provide the crucial research support as well as the assessment of the effectiveness of these efforts assumes significance. As shown in the chart below, the region is home to some of the leading think tanks which have been making strides in recent years and assisting decision-making. The question now is: What’s the next step in their evolution?",https://www.marmoremena.com/wp-content/uploads/2019/04/tm-img-49.jpg,2018-11-25,think-tanks-in-gcc
194,"Kuwait Banks","Kuwait banks ROA and ROE remain fairly strong. ",https://www.marmoremena.com/wp-content/uploads/2019/04/tm-img-34.jpg,2018-08-05,kuwait-banks
322,"Apple Sales by Various segments","Strong iPhone sales propel Apple towards landmark trillion dollar market valuation.",https://www.marmoremena.com/wp-content/uploads/2019/06/tm-img-11.jpg,2018-08-02,apple-sales
757,"Annual pretax income threshold to be in the top 1% of earners","The income of top 1% of earners in a country is often used as a metric to judge its income standards. However, the quantum of income required to be a part of that elite group varies widely between countries. For instance, one needs to earn nearly twice as much in the GCC (on an average) than in the U.S. to make it to the top 1% earners.",https://www.marmoremena.com/wp-content/uploads/2019/07/tm-img-75.jpg,2019-06-16,annual-pretax-income-threshold-to-be-in-the-top-1-of-earners
759,"Timeline of Saudi Arabia's inclusion In Emerging Market Indices","Global index providers MSCI and FTSE Russell have upgraded Saudi Arabia to Emerging Market status. FTSE Russell will be implementing a five phase transition process with the 5th phase to be completed in March of 2020. MSCI is following a two phase implementation process with the second phase to be completed in August of 2019. How much capital inflow can we expect into Saudi Arabia from the index inclusion?",https://www.marmoremena.com/wp-content/uploads/2019/07/tm-img-74.jpg,2019-06-10,timeline-of-saudi-arabias-inclusion-in-emerging-market-indices
761,"Distribution of Expatriate Workforce In Kuwait","The profession wise distribution of Kuwait’s expatriate workforce reveals interesting dynamics. Non-domestic blue collar work comprising labor in mining, construction, manufacturing and transport engages the maximum number of expats at 32%, followed by human and domestic services that employ the unskilled expat population. In what can be viewed as a clear response to Kuwaitization policy, the number of expatriates working in the public sector is the lowest at 0.03 percent.",https://www.marmoremena.com/wp-content/uploads/2019/07/tm-img-73.jpg,2019-06-02,distribution-of-expatriate-workforce-in-kuwait
763,"Expectation of low oil price pose challenge to budgetary Finance For Most GCC States","Low oil price in 2019 could hamper the spending plans of GCC governments.
Fiscal break even oil price for most GCC states is much higher than expectations.",https://www.marmoremena.com/wp-content/uploads/2019/07/tm-img-72.jpg,2019-05-15,expectation-of-low-oil-price-pose-challenge-to-budgetary-finance-for-most-gcc-states
765,"GCC Stock Market Liquidity","Liquidity has been one of the key issues grappling the GCC stock markets in recent years. In spite of the reforms initiated by Capital Market authorities in the GCC, the turnover ratio has fallen steeply in 2018 for all GCC countries except Bahrain when compared to 2014.",https://www.marmoremena.com/wp-content/uploads/2019/07/tm-img-71.jpg,2019-05-09,gcc-stock-market-liquidity
767,"Do Technology stocks spend money on R&D","What do the spending patterns of FAANG stocks look like? Who spends the most for R&D and which firm spends the most to market their product?",https://www.marmoremena.com/wp-content/uploads/2019/07/tm-img-70.jpg,2019-05-08,do-technology-stocks-spend-money-on-rd
769,"Saudi Aramco Bond Issuance","Debut international bond from Saudi Aramco drew unprecedented interest from yield starved investors.
Order book swelled by 10x and Aramco pulled off a remarkable feat of achieving lower borrowing costs than the Saudi Government.",https://www.marmoremena.com/wp-content/uploads/2019/07/tm-img-69.jpg,2019-04-11,saudi-aramco-bond-issuance
771,"Inclusion of GCC Countries to the JPM EMBI will lower the overall risk of the Index","The inclusion of #GCC Fixed Income is a landmark moment and could signal the opening of a new chapter in the regional capital markets. The GCC region with its high reserve levels, investment grade ratings and low volatility offer significant opportunities to reduce risk. Inclusion in the benchmark J.P Morgan Emerging Market Index (JPM EMBI) could lower the overall risk of the index.",https://www.marmoremena.com/wp-content/uploads/2019/07/tm-img-68.jpg,2019-04-02,inclusion-of-gcc-countries-to-the-jpm-embi-will-lower-the-overall-risk-of-the-index
773,"How Competitive are GCC Economies? Doing Business Ranking","At the global rank of 11, the UAE has the most improved score in Ease of Doing Business ranking in the GCC in 2018. The distant second spot is occupied by Bahrain with the global rank of 62. Barring the UAE, all other GCC countries require to significantly adopt large-scale reforms and improve business conditions.",https://www.marmoremena.com/wp-content/uploads/2019/07/tm-img-67.jpg,2019-03-26,how-competitive-are-gcc-economies-doing-business-ranking
775,"Kuwait's non-hydrocarbon sector remains resilient as economic growth is on the rise","Kuwait’s economy has been under pressure ever since oil prices fell in 2014, as the slowdown in economic activity took its toll on the non-hydrocarbon sector as well. Supportive fiscal policy in the past few years has seen capital expenditure grow, which has, in turn, helped Kuwait’s non-oil economy to rebound. Continued capital expenditure and structural reforms are expected to provide further impetus to the non-oil sector and supplement its steady growth in the coming years.",https://www.marmoremena.com/wp-content/uploads/2019/07/tm-img-66.jpg,2019-03-11,kuwaits-non-hydrocarbon-sector-remains-resilient-as-economic-growth-is-on-the-rise
777,"GCC Sovereign Bond Yields (10 Yrs)","GCC’s government debt capital market has grown significantly in the last few years. The GCC governments have been among the biggest debt issuers globally, and investors have poured in billions of dollars in regional sovereign bonds. The chart shows comparative yields on 10-year GCC government bonds, with yields on Oman being the highest while Kuwait being the lowest. The bottomline is: With lower volatility and attractive yields, GCC sovereign bonds have emerged as more attractive asset class.",https://www.marmoremena.com/wp-content/uploads/2019/07/tm-img-65.jpg,2019-02-06,gcc-sovereign-bond-yields-10-yrs
783,"World's Largest Cities: How the pecking order is changing","The world’s urban population has grown rapidly in the last few decades. What’s more interesting is that future increases in the size of the world’s population are expected to be highly concentrated in just a handful of the world’s largest cities. As the diagram below shows, Asia’s largest cities together will account for around two-third of the overall projected population of world’s 10 largest cities in 2035.",https://www.marmoremena.com/wp-content/uploads/2019/07/tm-img-63.jpg,2019-01-22,worlds-largest-cities-how-the-pecking-order-is-changing
786,"GCC Fiscal Balance ( as a % of GDP)","Stronger oil revenues, pick-up in the non-oil sector growth, and fiscal and structural reforms will help GCC economies to strike a right balance between revenues and expenditure in the near term. As the infographics below shows, most GCC countries are expected to see tangible improvements in their fiscal positions, although they are forecast to remain in negative territory in Saudi Arabia and Bahrain despite the improvement.",https://www.marmoremena.com/wp-content/uploads/2019/07/tm-img-61.jpg,2018-12-17,gcc-fiscal-balance-as-a-of-gdp
788,"GCC Current Account Balance ( as a % of GDP)","The recent recovery in oil prices and the easing of fiscal consolidation are boosting near-term growth prospects of the GCC economies. Look at the infographics below that explains how their current account balance, as a percentage of GDP, is projected to recover in 2018 and 2019. However, the hard truth is: much of this positive outlook remains subject to volatility in the future course of oil prices.",https://www.marmoremena.com/wp-content/uploads/2018/12/GCC-Current-Account-Balance-min.jpg,2018-12-16,gcc-current-account-balance-as-a-of-gdp
791,"GCC Inflation Rate (in %)","GCC countries are projected to see the inflation level hardening in 2018 through 2021 from 2017 level. The recovery in oil prices is encouraging more pro-growth fiscal policies in the GCC, prompting governments to push fiscal spending and expansionary budgeting course. However, this fiscal push coupled with the effects of the VAT and rising fuel prices, runs the risk of fueling inflationary trends. Will rising inflation hurt the regions’ growth prospects?",https://www.marmoremena.com/wp-content/uploads/2019/07/tm-img-59.jpg,2018-12-12,gcc-inflation-rate-in
794,"Power of Passport - GCC Comparison","Not all passports are the same when it comes to having cross-border access around the globe. The citizens of the #GCC countries are slowly, but surely, becoming more global and more powerful, if their passports are any indication. Take for instance, the holders of the UAE passport who can now travel to 167 countries (the most by any passport holder) without the need for pre-visa requirements. As the diagram below shows, rest of the GCC countries also rank within top 55 passports globally in terms of enjoying visa-free travel.",https://www.marmoremena.com/wp-content/uploads/2019/07/tm-img-58.jpg,2018-12-11,power-of-passport-gcc-comparison
796,"GCC's Top Islamic Banks by Assets","The Islamic banking sector continues to grow in size and dominance in the GCC region. Our infographic below takes a peek at the largest Islamic banks in the region based on their assets. Top five banks capture 60% assets share.

Five of the 19 biggest banks are based in Kuwait, 4 each in the UAE and Bahrain, and 3 each in Saudi Arabia and Qatar.",https://www.marmoremena.com/wp-content/uploads/2019/07/tm-img-57.jpg,2018-12-10,gccs-top-islamic-banks-by-assets
802,"YTD 2018 Returns of GCC Equity Indices","In many ways the story of the GCC equity markets in 2018 has been the one of two extremes. On one end of the spectrum is Dubai benchmark that remains the biggest drag, on the other end is Qatar that blazed the trail. But then 2 key questions arise: One, have the recent sell-offs made valuations attractive in Dubai and Oman? Two, are some stock market highs in the GCC justified?",https://www.marmoremena.com/wp-content/uploads/2019/07/tm-img-56.jpg,2018-12-09,ytd-2018-returns-of-gcc-equity-indices
804,"Private Sector Credit Growth (in %)","Subdued oil prices, over the last few years, have impacted private sector credit growth in the GCC region owing to a weak macroeconomic backdrop and muted non-oil economic growth. As the diagram below shows, as oil prices have been rebounding, albeit slowly, this is expected to propel private sector credit growth in 2018 in most of the Arabian Gulf countries except in Qatar. The key question is: Will the stagnant private sector lending weigh on GCC banks and impact their margins?",https://www.marmoremena.com/wp-content/uploads/2019/07/tm-img-55.jpg,2018-12-04,private-sector-credit-growth-in
808,"3 month Deposit rate in the GCC","The cooling eurozone economy and its easy monetary policy are reflected in the deposit rate (the rate at which banks park funds at the central bank) which is in negative territory. By contrast, higher deposit rates in the US reflect recovery of the American economy. Same is the case in the GCC region which, due to their currencies’ peg to the dollar, follow the US monetary policy. The question is: Will this global monetary policy divergence lead to global imbalances?",https://www.marmoremena.com/wp-content/uploads/2019/07/tm-img-54.jpg,2018-12-02,3-month-deposit-rate-in-the-gcc
811,"Global Financial Centre Index (GFCI) Rankings","Cities around the world, as well as across the MiddleEast, are encouraging innovation and putting in place best practices in order to differentiate themselves as competition between financial centres intensifies. As shown in the diagram below, New York saw its ranking improve on the Global Financial Centres Index (GFCI) from being second in 2017 to claim the top position this year. Likewise, in the Middle East, Dubai climbed to 15th rank in 2018 on the GFCI, from 19th position in 2017.",https://www.marmoremena.com/wp-content/uploads/2019/07/tm-img-53.jpg,2018-11-29,global-financial-centre-index-gfci-rankings
814,"Ease of Doing Business Parameters - Kuwait 2017 - 2019","A comparison of World Bank’s ‘Doing Business’ reports of last three years – 2017, 2018, 2019 -- shows Kuwait has improved, though marginally, on the overall ease of doing business parameter. Performance across sub parameters varies though.",https://www.marmoremena.com/wp-content/uploads/2019/07/tm-img-52.jpg,2018-11-28,ease-of-doing-business-parameters-kuwait-2017-2019
817,"GCC Capital Flows (in USD Bn)","During 2003-2007, the GCC region enjoyed positive capital flows buoyed by high growth and rising oil prices. However, the global financial-crisis in 2009 severely impacted the capital flows as foreign investors withdrew their positions. Consequently, as the chart below shows, since 2013 the region has been seeing the loss of capital. The net capital flows are expected to be negative until 2020, though the gap between resident and non-resident capital flows has been reducing. The question is: Is it capital flight or normal flows?",https://www.marmoremena.com/wp-content/uploads/2019/07/tm-img-51.jpg,2018-11-27,gcc-capital-flows-in-usd-bn
819,"Fiscal Breakeven Oil Price","The year-on-year fall in the fiscal breakeven oil price of the UAE, Saudi Arabia, Bahrain and Oman in 2018 are expected to bring relief to them. In contrast, as the diagram shows, the economies of Kuwait and Qatar are likely to continue feeling the pain, as the rise in their fiscal breakeven oil price this year, compared to 2017, is likely to keep their balance sheets under pressure.",https://www.marmoremena.com/wp-content/uploads/2019/07/tm-img-50.jpg,2018-11-26,fiscal-breakeven-oil-price
823,"Banking Sector - Risk Return Metrics","Generally speaking, investing in any #asset involves the risk-return tradeoff. This means the higher the risk, the higher the potential return. As shown in the chart below, the 5-year return of different banking stock indices across the GCC has been moving in tandem with the level of risks associated. For instance, Dubai’s banking index offers the highest return, but it also carries the highest risk. Likewise, Kuwait’s banking stocks are least risky but they offer the lowest returns. The bottomline: No pain, no gain.",https://www.marmoremena.com/wp-content/uploads/2018/11/Banking-Sector-Risk-Return-Metrics-min.jpg,2018-11-23,banking-sector-risk-return-metrics
825,"Foreign Direct Investment","The softening of #crude oil prices over the last few years has taken a toll on the Foreign Direct Investment (FDI) inflows in the GCC region. This year, however, FDI inflows have so far held up relatively well and are expected to be higher than in 2017. Last year saw FDI in Saudi Arabia, Qatar and Kuwait take a sharp dip compared to 2016. Overall, the UAE continues to lead the pack in the region in terms of attracting highest FDI inflows for the last 3 years, consecutively.",https://www.marmoremena.com/wp-content/uploads/2019/07/tm-img-47.jpg,2018-11-22,foreign-direct-investment
827,"Saudi 5yr bond yield spread widens against similar rated countries","Going by the conventional metrics used by economists, rising sovereign bond yields flash warning signs for a country’s economic trajectory. Currently, the widening spread between Saudi Arabia’s 5-year bond yields and those of similar rated countries imply higher risk perception among investors about the Kingdom’s economy. The key question: is the widening yield temporary or something that is here to stay?",https://www.marmoremena.com/wp-content/uploads/2019/07/tm-img-46.jpg,2018-11-20,saudi-5yr-bond-yield-spread-widens-against-similar-rated-countries
829,"Spread Between Saudi Index And MSCI EM P/E TTM","In June 2018, the #Saudi Stock Exchange (Tadawul) had won MSCI Emerging Market (EM) status, after Tadawul fulfilled MSCI’s requirements to join EM index. However, the valuation gap between stocks in Saudi Arabia and EM has been expanding for around a year, and currently, Saudi Arabian stocks are trading at a premium compared to the MSCI EM Index. What’s pushing Saudi stocks’ valuations, and is it a good time for investors?",https://www.marmoremena.com/wp-content/uploads/2019/07/tm-img-45.jpg,2018-11-08,spread-between-saudi-index-and-msci-em-p-e-ttm
831,"Expat Proportion(%) of total population in GCC","These GCC countries have the highest (and lowest) expat-to-local population mix.",https://www.marmoremena.com/wp-content/uploads/2019/07/tm-img-44.jpg,2018-10-04,expat-proportion-of-total-population-in-gcc
833,"Top 5 Nationalities in Kuwait Labour Market","Revealed: The top 5 nationalities in Kuwait workforce.",https://www.marmoremena.com/wp-content/uploads/2019/07/tm-img-43.jpg,2018-09-30,top-5-nationalities-in-kuwait-labour-market
835,"Petrol Prices in Selected Emerging Economies","The real cost of filling up: Petrol prices in Emerging Markets &amp; GCC.",https://www.marmoremena.com/wp-content/uploads/2019/07/tm-img-42.jpg,2018-09-27,petrol-prices-in-selected-emerging-economies
837,"Are GCC Citizens Richer Now?","Guess, which GCC country has the highest, and lowest GDP per capita growth!",https://www.marmoremena.com/wp-content/uploads/2019/07/tm-img-41.jpg,2018-09-12,are-gcc-citizens-richer-now
839,"Kuwait Jobs 2017 - Arabic","Kuwait unemployment : Women dominate",https://www.marmoremena.com/wp-content/uploads/2019/07/tm-img-40-scaled.jpg,2018-09-05,kuwait-jobs-2017-arabic
841,"Kuwait Jobs 2017","Kuwait unemployment : Women dominate",https://www.marmoremena.com/wp-content/uploads/2019/07/tm-img-39-scaled.jpg,2018-09-05,kuwait-jobs-2017
843,"Turmoil in Turkey","Turkey Economic pains, how will it play out.",https://www.marmoremena.com/wp-content/uploads/2019/07/tm-img-38.jpg,2018-08-30,turmoil-in-turkey
845,Bahrain,"Bahrain’s government debt expected to be 85% of GDP in 2018; nearly doubles since 2014.",https://www.marmoremena.com/wp-content/uploads/2019/07/tm-img-37.jpg,2018-08-16,bahrain
847,"Global Islamic Bond issuance","Global Islamic Bond issuance was dull, dropped by 15.3% in H1 2018 compared to same period last year.",https://www.marmoremena.com/wp-content/uploads/2019/07/tm-img-36.jpg,2018-08-22,global-islamic-bond-issuance
849,Bahrain,"Bahrain foreign exchange reserves shrink by over 75% since its peak in 2014 of USD 5,758Mn.",https://www.marmoremena.com/wp-content/uploads/2018/08/Bahrain-Foreign-Exchange-reserves-shrink-min.jpg,2018-08-14,bahrain-2
853,"Dubai Stocks - Sectoral Performance (YTD 2018)","Consumer &amp; realestate stocks weigh down on Dubai’s market performance.",https://www.marmoremena.com/wp-content/uploads/2019/07/tm-img-33.jpg,2018-08-01,dubai-stocks-sectoral-performance-ytd-2018
855,"Kuwait Banks - Moody's Rating Distribution","Majority of Kuwait banks hold upper medium #investment grade rating by Moody’s.",https://www.marmoremena.com/wp-content/uploads/2019/07/tm-img-32.jpg,2018-07-30,kuwait-banks-moodys-rating-distribution
862,"US Trade Deficit with Trade Partners","US picks on its major trade allies sparking a potential TradeWar.",https://www.marmoremena.com/wp-content/uploads/2019/07/tm-img-31.jpg,2018-07-26,us-trade-deficit-with-trade-partners
864,"Bahrain 5-Yr CDS Spreads 2018","Announcement of financial relief from neighbors provides temporary respite for Bahrain.",https://www.marmoremena.com/wp-content/uploads/2019/07/tm-img-30.jpg,2018-07-24,bahrain-5-yr-cds-spreads-2018
866,"Saudi Arabia - Oil Revenue As A Part of Total Revenue","SaudiArabia stepping up effort to reduce its reliance on Oil revenues.",https://www.marmoremena.com/wp-content/uploads/2019/07/tm-img-29.jpg,2018-07-22,saudi-arabia-oil-revenue-as-a-part-of-total-revenue
868,"GCC Banking Stock Market Performance","Dubai Banking Index outperform other #GCC banking indices between May 2012 to June 2018.",https://www.marmoremena.com/wp-content/uploads/2019/07/tm-img-28.jpg,2018-07-18,gcc-banking-stock-market-performance
870,"Kuwait Listed Banks Stock Market Performance","Kuwait Finance House outperforms other banks in Kuwait during past 5 years till June 2018. ",https://www.marmoremena.com/wp-content/uploads/2019/07/tm-img-27.jpg,2018-07-16,kuwait-listed-banks-stock-market-performance
872,"Kuwait Banks Stock Market Performance","Comparative performance of Kuwait Banks.",https://www.marmoremena.com/wp-content/uploads/2019/07/tm-img-25.jpg,2018-07-09,kuwait-banks-stock-market-performance
874,"New Visa Regime Can the new visa regime maintain GCC economy's competitive edge?","Changing visa rules in the #GCC – Will this help the region retain its competitiveness?",https://www.marmoremena.com/wp-content/uploads/2019/07/tm-img-22.jpg,2018-07-08,new-visa-regime-can-the-new-visa-regime-maintain-gcc-economys-competitive-edge
876,"GCC Bond Markets Signal Tensions","Widening CDS spread indicates brewing financial troubles for Bahrain.",https://www.marmoremena.com/wp-content/uploads/2019/07/tm-img-26.jpg,2018-07-05,gcc-bond-markets-signal-tensions
879,"MENA Top 100 Companies",,https://www.marmoremena.com/wp-content/uploads/2019/07/tm-img-23-scaled.jpg,2018-07-04,mena-top-100-companies
882,"Kuwait Banking","Impact of Fintech, in Kuwait Banking industry.",https://www.marmoremena.com/wp-content/uploads/2019/07/tm-img-16.jpg,2018-05-31,kuwait-banking
884,"IPhone Price Index","One iPhone, many nations, different prices.",https://www.marmoremena.com/wp-content/uploads/2019/07/tm-img-20-scaled.jpg,2018-06-21,iphone-price-index
886,"Royal's Contribution to UK Economy","The Business of Royal Monarchy.",https://www.marmoremena.com/wp-content/uploads/2019/07/tm-img-19.jpg,2018-06-20,royals-contribution-to-uk-economy
888,"Kuwait - No of Employees and Their wages","Kuwait public sector employee base has grown about 5% every year, while wage bill has risen by about 9%.",https://www.marmoremena.com/wp-content/uploads/2019/07/tm-img-13.jpg,2018-06-13,kuwait-no-of-employees-and-their-wages
890,"Renewable Energy","Renewable energy paves the roadmap for the future of energy across MiddleEast.",https://www.marmoremena.com/wp-content/uploads/2019/07/tm-img-14.jpg,2018-06-06,renewable-energy
892,"Jabel Ali Free Zone (JAFZA)","JAFZA reaffirmed as key trading hub Trade valued at $83bn (2017); Middle East tops.",https://www.marmoremena.com/wp-content/uploads/2019/07/tm-img-07.jpg,2018-06-04,jabel-ali-free-zone-jafza
894,"Liquidity in UAE Banks Abundant As of Now","Impact of Fintech, in UAE Banking industry",https://www.marmoremena.com/wp-content/uploads/2019/07/tm-img-06.jpg,2018-06-04,liquidity-in-uae-banks-abundant-as-of-now
896,"Dubai's 3D Printing Strategy","Dubai’s 3D printing infrastructure road-map can prove to be a template to overcome GCC construction sector woes.",https://www.marmoremena.com/wp-content/uploads/2019/07/tm-img-18.jpg,2018-06-03,dubais-3d-printing-strategy
898,"Burgeoning GCC Debt Profile","GCC is actively looking at debt as a source of financing – the trend that was earlier missing.",https://www.marmoremena.com/wp-content/uploads/2019/07/tm-img-21.jpg,2018-05-31,burgeoning-gcc-debt-profile
900,"Domestic and International Passengers Carried by Airlines in Major Markets","The US, Europe, and China carry far more air passengers than the GCC and India.",https://www.marmoremena.com/wp-content/uploads/2019/07/tm-img-24.jpg,2018-05-30,domestic-and-international-passengers-carried-by-airlines-in-major-markets
902,"GCC Companies in China","GCC Companies footprints in China.",https://www.marmoremena.com/wp-content/uploads/2019/07/tm-img-15-scaled.jpg,2018-05-29,gcc-companies-in-china
904,"GCC Companies In India","GCC Companies footprints in India.",https://www.marmoremena.com/wp-content/uploads/2019/07/tm-img-12-scaled.jpg,2018-05-29,gcc-companies-in-india
906,"KSA Banking Sector 2018","The fintech revolution is likely to have a significant impact particularly on the retail #banking business in Saudi Arabia . ",https://www.marmoremena.com/wp-content/uploads/2019/07/tm-img-09.jpg,2018-05-27,ksa-banking-sector-2018
908,"The GCC Ritz-Carlton Index - Price per night","GCC hotel room rates inequality - One hotel brand, different locations, different rates",https://www.marmoremena.com/wp-content/uploads/2019/07/tm-img-17.jpg,2018-05-24,the-gcc-ritz-carlton-index-price-per-night
910,"GCC Banking Sector 2018","Fintech can disrupt more than 15% business of GCC Banks in next 5 years.",https://www.marmoremena.com/wp-content/uploads/2019/07/tm-img-08.jpg,2018-05-21,gcc-banking-sector-2018
912,"GCC Conglomerates - Global Footprints","GCC companies have been spreading globally. Let's find out who are those and how deep they penetrate.",https://www.marmoremena.com/wp-content/uploads/2019/07/tm-img-10.jpg,2018-04-23,gcc-conglomerates-global-footprints
914,"Speed Test Global Index","Which country in the GCC has the top internet Broadband Speed?",https://www.marmoremena.com/wp-content/uploads/2019/07/tm-img-05-scaled.jpg,2018-03-29,speed-test-global-index
916,"SME Startups","Featuring Successful SME Startups in GCC",https://www.marmoremena.com/wp-content/uploads/2019/07/tm-img-04.jpg,2018-04-07,sme-startups
918,"How Brexit Stacks up against the Global Financial Crisis of 2008?",,https://www.marmoremena.com/wp-content/uploads/2019/07/tm-img-03-scaled.jpg,2018-04-04,how-brexit-stacks-up-against-the-global-financial-crisis-of-2008
920,"Saudi Economic Posts Reshuffle","May 2016",https://www.marmoremena.com/wp-content/uploads/2019/07/tm-img-02.jpg,2018-04-01,saudi-economic-posts-reshuffle
922,"Crisis: Here to Stay","The Known ""Unknowns""!",https://www.marmoremena.com/wp-content/uploads/2019/07/tm-img-01.jpg,2018-03-28,crisis-here-to-stay
2045,"Key Players in GCC Sharing Economy","Sharing economy entails collaborative consumption that promotes concepts like community ownership, localized production, growth of small-scale enterprise, improved economic and environmental consciousness. Who are the key players in GCC sharing economy?",https://www.marmoremena.com/wp-content/uploads/2019/09/Key-Players-in-GCC_V2-GCC-Ride-Sharing-Infographic-min-scaled.jpg,2019-09-23,key-players-in-gcc-sharing-economy
2139,"Ridesharing Platforms Operating in GCC","The GCC region witnessed its biggest tech deal wherein Uber acquired Careem, the most prominent ride sharing player in the region in a deal worth $3.1 billion. What does this reveal about the present and future of ride sharing market in GCC?",https://www.marmoremena.com/wp-content/uploads/2019/09/Ridesharing-Platforms-Operating-in-GCC-scaled.jpg,2019-09-29,ridesharing-platforms-operating-in-gcc
2208,"Online Food Delivery Sites and Apps with Strong Presence across GCC","How are marketing innovations, and lifestyle changes of GCC consumers affecting the business in restaurants and online food ordering and delivery services?",https://www.marmoremena.com/wp-content/uploads/2019/10/Online-Food-Delivery-Sites-and-Apps-with-Strong-Presence-across-GCC_v4-min.jpg,2019-10-07,online-food-delivery-sites-and-apps-with-strong-presence-across-gcc
2210,"M&A Activities in GCC Restaurant tech space","Food delivery services contributed a gross revenue of USD 284.9 million to the GCC economy in 2018. The GCC food delivery sector is lively with a strong growth and multiple M&A deals. Find out about the prominent deals in GCC Restaurant tech - Marmore Research Report.",https://www.marmoremena.com/wp-content/uploads/2019/10/MA-Activities-in-GCC-Restaurant-tech-space_V3-min.jpg,2019-10-10,ma-activities-in-gcc-restaurant-tech-space
2212,"Remittance Charges to India","Qatar, the fifth largest remitter to India, has the highest remittance cost to India among GCC countries.",https://www.marmoremena.com/wp-content/uploads/2019/10/Comparison-of-Remittance-Charges_India_V6-min.jpg,2019-10-13,remittance-charges-to-india
2224,"GCC Restaurant tech startups in key segments","With a 77% smart phone penetration in the GCC, the region is witnessing the emergence of a new section of digital customers which has its repercussions across industries. Who are the key food tech startups in the GCC region?",https://www.marmoremena.com/wp-content/uploads/2019/10/GCC-Restaurant-tech-startups-in-key-Segments_V3-min.jpg,2019-10-14,gcc-restaurant-tech-startups-in-key-segments
2260,"Remittance charges to Pakistan","Saudi Arabia, which accounts for the highest remittance inflows into Pakistan, also has the highest remittance cost to Pakistan among GCC countries. ",https://www.marmoremena.com/wp-content/uploads/2019/10/Comparison-of-Remittance-Charges_Pakistan_V6-min.jpg,2019-10-16,remittance-charges-to-pakistan
2273,"Key Trends in Restaurant Tech","Cooked? Baked? 3D printed? How do you prefer your food? Read about how restaurants across the GCC use enabling technologies to cater to customers. ",https://www.marmoremena.com/wp-content/uploads/2019/10/Key-Trends-in-Restaurant-Tech_V3-min.jpg,2019-10-17,key-trends-in-restaurant-tech
2290,"Oman and Bahrain's spreads widen after downgrade in credit ratings","Here is where the CDS spreads of GCC countries stand in comparison with global peers.",https://www.marmoremena.com/wp-content/uploads/2019/10/CDS-List-Infographic_V4-min.jpg,2019-10-20,oman-and-bahrains-spreads-widen-after-downgrade-in-credit-ratings
2311,"Remittance charges to Bangladesh","The UAE, whose remittance outflow to Bangladesh stood at USD 2.4 billion in 2017, has the lowest remittance cost to Bangladesh among GCC countries.",https://www.marmoremena.com/wp-content/uploads/2019/10/Comparison-of-Remittance-Charges_Bangladesh_V6-min.jpg,2019-10-21,remittance-charges-to-bangladesh
2317,"Remittance charges to Philippines","Did you know? Saudi Arabia has the highest remittance cost to Philippines among GCC countries.",https://www.marmoremena.com/wp-content/uploads/2019/10/Comparison-of-Remittance-Charges_Philippines_V6-min.jpg,2019-10-22,remittance-charges-to-philippines
2321,"Expat proportion (%) of total population in GCC states","Which countries has the highest expat proportion in GCC.",https://www.marmoremena.com/wp-content/uploads/2019/10/Expat-proportion-of-total-population-in-GCC-States_V3-min-scaled.jpg,2019-10-23,expat-proportion-of-total-population-in-gcc-states
2367,"iPhone 11 Pro Max - Price Index (256 GB)","Prices of iPhone across globe, where to buy the next iPhone?",https://www.marmoremena.com/wp-content/uploads/2019/10/iPhone-Price-Index_V6-min.jpg,2019-10-31,iphone-11-pro-max-price-index-256-gb
2394,"Power of Passport - GCC Comparison","Passport power for GCC nations status upgraded...",https://www.marmoremena.com/wp-content/uploads/2019/11/Global-Passport-Power-Rank-2019_V3-min.jpg,2019-11-05,power-of-passport-gcc-comparison-2
2516,"Ease of Doing Business Parameters – Kuwait 2018 – 2020","Kuwait jumps 14 points up at ease of doing business released by World bank, How did it fare across parameters?",https://www.marmoremena.com/wp-content/uploads/2019/11/Ease-of-Doing-Business_V11.jpg,2019-11-25,ease-of-doing-business-parameters-kuwait-2018-2020
2584,"Salaries in the Middle East: How they compare across functions?","How salaries differ across designations? What can one expect to draw in the Middle East?",https://www.marmoremena.com/wp-content/uploads/2019/11/Salaries-in-the-Middle-East-How-they-compare-across-functions_V3-01-min.jpg,2019-11-28,salaries-in-the-middle-east-how-they-compare-across-functions
2596,"Kuwait Banks - Stock Market Performance (2019)","How have Kuwaiti banks fared in 2019?",https://www.marmoremena.com/wp-content/uploads/2019/12/Kuwait-Banks-YTD_V7-2019-min.jpg,2019-12-01,kuwait-banks-stock-market-performance-2019
2704,"What value would Aramco trade at?","Saudi Aramco would start trading from 11th December onwards, post listing what do you think the stock would trade at?",https://www.marmoremena.com/wp-content/uploads/2019/12/Saudi-Aramco-Valuation_V1-min-scaled.jpg,2019-12-09,what-value-would-aramco-trade-at
2729,"GCC Equity Indices 2019 YTD Performance","Kuwait stock market outperforms regional peers with YTD gains of 17% (as of 28th Nov) amid investor euphoria on MSCI’s announcement on reclassification of the Kuwait to emerging market status.",https://www.marmoremena.com/wp-content/uploads/2019/12/GCC-Equity-Indices-2019-YTD_V2-min.jpg,2019-12-11,gcc-equity-indices-2019-ytd-performance
3029,"Science and Engineering journal articles published per million population, 2018","Most GCC states lag behind world average in Science & Engineering research",https://www.marmoremena.com/wp-content/uploads/2019/12/Science-and-Engineering-journal-articles-published-per-million-population-2018_V2-min-scaled.jpg,2019-12-29,science-and-engineering-journal-articles-published-per-million-population-2018
3124,"Kuwait - High Growth Sectors (2010 - 2018)","Basic metals and Chemicals – highest growing sector in Kuwait.",https://www.marmoremena.com/wp-content/uploads/2020/01/Kuwait-High-Growth-Sectors-2010-2018_V4-min-scaled.jpg,2020-01-09,kuwait-high-growth-sectors-2010-2018
3243,"Kuwaiti Economy - Average Growth Sectors (2010 - 2018)","Social work, defense and cultural services sectors witnessed above average growth during 2010-18",https://www.marmoremena.com/wp-content/uploads/2020/01/Kuwaiti-Economy-Above-Average-Average-Growth-Sectors-min-scaled.jpg,2020-01-21,kuwaiti-economy-average-growth-sectors-2010-2018
3409,"Brokerages call on Saudi Aramco","How much did brokerages value Saudi Aramco post its listing?",,2020-01-23,brokerages-call-on-saudi-aramco
3418,"Sectors with Negative Growth in Kuwait (2010 - 18)","Wood and Food & Beverages de-grew the most during 2010-2018.",https://www.marmoremena.com/wp-content/uploads/2020/01/Kuwait-Negative-Growth-Sectors-2010-2018-Marmore-Infographic-scaled.jpg,2020-01-27,sectors-with-negative-growth-in-kuwait-2010-18
3457,"IPOs in GCC Region, 2013 - 2019","Managing and exiting investments made by PE and VC is a key hurdle stifling the growth of the industry. IPOs remain a less frequent exit route for GCC SMEs.",https://www.marmoremena.com/wp-content/uploads/2020/01/IPOs-in-GCC-Region-2013-2019-Marmore-Infographic-scaled.jpg,2020-01-28,ipos-in-gcc-region-2013-2019
3637,"GCC PE Firms - Investments transactions by country, 2008-2019","UAE firms have been involved in more PE transactions between 2008 and 2019 than the rest of the GCC combined.",https://www.marmoremena.com/wp-content/uploads/2020/02/GCC-PE-Firms-Investments-transactions-by-country-2008-2019-Marmore-Infographic-scaled.jpg,2020-02-04,gcc-pe-firms-investments-transactions-by-country-2008-2019
3688,"Global Powertrain Market Share 2015- 2030","Globally there is a growing shift towards Electric Vehicles (EV). What are the factors driving EV demand and their expected demand in GCC countries.",https://www.marmoremena.com/wp-content/uploads/2020/02/Global-Powertrain-Market-Share-2015-2030-Marmore-Infographic-scaled.jpg,2020-08-16,global-powertrain-market-share-2015-2030
3704,"Net Passenger Vehicles Imports by Value","In 2014 Saudi Arabia accounted for the largest share of passenger vehicle market by value in the GCC. How has this changed in 2018? What could be the share over the next 5 years?",https://www.marmoremena.com/wp-content/uploads/2020/02/Net-Passenger-Vehicles-Imports-by-Value-Marmore-Infographic-scaled.jpg,2020-08-13,net-passenger-vehicles-imports-by-value
3947,"Exposure of Norway's Sovereign Wealth Fund (SWF) to GCC Equities","UAE and Kuwait dominate Norway’s SWF equity investments in GCC. For 2018-19, value of the investments increased the most in Kuwait",https://www.marmoremena.com/wp-content/uploads/2020/03/Exposure-of-Norways-Sovereign-Wealth-Fund-SWF-to-GCC-Equities-Marmore-Infographic-scaled.jpg,2020-03-08,exposure-of-norways-sovereign-wealth-fund-swf-to-gcc-equities
4246,"GCC Equities face unprecedented fall amid coronavirus","Markets have usually recovered within a year from outbreaks.",https://www.marmoremena.com/wp-content/uploads/2020/03/GCC-Equities-face-unprecedented-fall-amid-coronavirus-Marmore-Infographics-scaled.jpg,2020-03-26,gcc-equities-face-unprecedented-fall-amid-coronavirus
4253,"Previous outbreaks have had lesser impact on Kuwait equities","Has the fall in Kuwait equities from coronavirus (COVID-19) been steeper than previous outbreaks?",https://www.marmoremena.com/wp-content/uploads/2020/03/Previous-outbreaks-have-had-lesser-impact-on-Kuwait-equities-Marmore-Infographic-scaled.jpg,2020-03-29,previous-outbreaks-have-had-lesser-impact-on-kuwait-equities
4452,"GCC 5year Credit Default Swap (CDS) Spreads","As fears of a global recession have grown GCC sovereign CDS spreads, a key measure of credit risk, have jumped markedly - tripling or quadrupling in some cases.",https://www.marmoremena.com/wp-content/uploads/2020/04/GCC-5year-Credit-Default-Swap-CDS-Spreads-26th-April-Marmore-Infographic-scaled.jpg,2020-04-26,gcc-5year-credit-default-swap-cds-spreads
4454,"10-year U.S Treasury Yield (%)","Yields stay low as investors flock to safe haven assets.",https://www.marmoremena.com/wp-content/uploads/2020/04/10-year-U.S-Treasury-Yield-Marmore-Infographic-1200x781-min.jpg,2020-04-27,10-year-u-s-treasury-yield
4470,"Gold, Oil & Currency - 28th April","Oil price tumbles amid continued supply, drop in demand and storage woes",https://www.marmoremena.com/wp-content/uploads/2020/04/Gold-Oil-Currency-Marmore-Infographic.jpg,2020-04-28,gold-oil-currency-28th-april
4533,"In how many days does COVID-19 Confirmed cases doubles in GCC Countries?","Check our latest chart on COVID-19: Number of days in which confirmed COVID cases are doubling in GCC.",https://www.marmoremena.com/wp-content/uploads/2020/05/In-how-many-days-does-COVID-19-Confirmed-cases-doubles-in-GCC-Countries-Marmore-Infographic.jpg,2020-05-12,in-how-many-days-does-covid-19-confirmed-cases-doubles-in-gcc-countries
4537,"GCC Doubling time and Fatality rate","COVID-19: Which GCC Countries are faring better with lower fatality rates and high number of days required to double?",https://www.marmoremena.com/wp-content/uploads/2020/05/GCC-Doubling-time-and-Fatality-rate-Marmore-Infographic.jpg,2020-05-13,gcc-doubling-time-and-fatality-rate
4539,"Most of the GCC REITs are trading at 52 week lows","REITs have been hit hard on expectations of lower occupancy and falling rents amid lockdown.",https://www.marmoremena.com/wp-content/uploads/2020/05/Most-of-the-GCC-REITs-are-trading-at-52-week-lows-Marmore-Infographic.jpg,2020-05-13,most-of-the-gcc-reits-are-trading-at-52-week-lows
4543,"Impact on different Banking services due to COVID-19","How Covid-19 is affecting banking services?",https://www.marmoremena.com/wp-content/uploads/2020/05/Impact-on-different-Banking-services-due-to-Covid-19-Marmore-Infographic.jpg,2020-05-14,impact-on-different-banking-services-due-to-covid-19
4579,"Monetary policy action by GCC Central Banks in response to COVID-19","With GCC Central Banks in action Interest Rates cut and Financial Stimulus were announced. Find out the quantum of support provided so far.",https://www.marmoremena.com/wp-content/uploads/2020/05/Monetary-policy-action-by-GCC-Central-Banks-in-response-to-COVID-19-Marmore-Infographic.jpg,2020-05-17,monetary-policy-action-by-gcc-central-banks-in-response-to-covid-19
4620,"Revision to GCC’s 2020 Fiscal Forecasts due to change in oil prices and COVID-19","COVID19 and volatility in oil prices make the outlook for GCC uncertain. How have it impacted the IMF's 2020 forecasts for the region? ",https://www.marmoremena.com/wp-content/uploads/2020/05/Revision-to-GCC’s-2020-Fiscal-Forecasts-due-to-change-in-oil-prices-and-COVID-19-Marmore-Infographic.jpg,2020-05-20,revision-to-gccs-2020-fiscal-forecasts-due-to-change-in-oil-prices-and-covid-19
4649,"GCC Quarterly IPO activity, 2013-2019","Managing and exiting investments made by Private Equity and Venture Capital is a key hurdle stifling the growth of the industry. IPOs remain a less frequent exit route for GCC SMEs.",https://www.marmoremena.com/wp-content/uploads/2020/05/GCC-Quarterly-IPO-activity-2013-2019-Marmore-Infographic.jpg,2020-05-31,gcc-quarterly-ipo-activity-2013-2019
4709,"Share prices of GCC REITs compared with 52 week highs and lows","COVID19 Impact: Most of the REITs in GCC are trading near their 52-week lows, what are the performance expectations in the short term?",https://www.marmoremena.com/wp-content/uploads/2020/06/Share-prices-of-GCC-REITs-compared-with-52-Week-highs-and-lows.jpg,2020-06-08,share-prices-of-gcc-reits-compared-with-52-week-highs-and-lows
4782,"Global COVID-19 confirmed cases are accelerating","While April glimpsed just 2 days of more than 100,000 daily new cases globally, May spotted it for 8 days, and June all along; Is 100,000 daily cases a new normal? ",https://www.marmoremena.com/wp-content/uploads/2020/06/Global-Confirmed-accelerating_V2.jpg,2020-06-14,global-covid-19-confirmed-cases-are-accelerating
4839,"GCC COVID-19 daily new cases and deaths trend","Will UAE soon be hailed triumphant in winning the fight against COVID-19; the country’s daily cases and deaths dives down in contrast to elsewhere in GCC.",https://www.marmoremena.com/wp-content/uploads/2020/06/GCC-COVID-19-daily-deaths-and-new-cases-comparison-adjusted-for-population_V3-scaled.jpg,2020-06-24,gcc-covid-19-daily-new-cases-and-deaths-trend
4997,"Return Expectations for the next 10 years for Global markets","COVID-19 has revised long term equity return expectations for global markets. What can we expect for Saudi equities?",https://www.marmoremena.com/wp-content/uploads/2020/07/Return-Expectations-for-the-next-10-years-for-Global-markets-KSA.jpg,2020-07-09,return-expectations-for-the-next-10-years-for-global-markets
4998,"Results of Socila Media Poll - Return expectation for Saudi Arabia 2020-2024","We conducted a poll in Saudi Equity returns, here are the results!
How important is it to develop equity market returns platform for Saudi Arabia, read our article",https://www.marmoremena.com/wp-content/uploads/2020/07/Results-of-Social-Media-Poll.jpg,2020-07-06,results-of-socila-media-poll-return-expectation-for-saudi-arabia-2020-2024
5053,"GCC Countries comparison of Testing and number of cases per million","On a per million population basis UAE fairs the best both in terms of tests conducted and least number of confirmed cases reported. How does other GCC Countries fare on these parameters?",https://www.marmoremena.com/wp-content/uploads/2020/07/GCC-Countries-comparison-of-Testing-and-number-of-cases-per-million-scaled.jpg,2020-07-13,gcc-countries-comparison-of-testing-and-number-of-cases-per-million
5147,"Investor risk appetite has improved in the GCC region","Market volatility & sovereign spreads have eased as risk appetite has returned in the GCC region.",https://www.marmoremena.com/wp-content/uploads/2020/07/Investor-risk-appetite-has-improved-in-the-GCC-region-scaled.jpg,2020-07-16,investor-risk-appetite-has-improved-in-the-gcc-region
5163,"Covid unable to infect Tesla","Tesla on top gear as its equity shares witness strong rally despite coronavirus disruption",https://www.marmoremena.com/wp-content/uploads/2021/11/Covid-unable-to-infect-Tesla-1200x879.jpg,2020-07-20,covid-unable-to-infect-tesla
5178,"Performance of Global Sector Indices","Investors pile on technology sector as COVID-19 pandemic accelerates shift to a more digital world",https://www.marmoremena.com/wp-content/uploads/2020/07/Performance-of-Global-Sector-Indices-scaled.jpg,2020-07-21,performance-of-global-sector-indices
5189,"Performance of Commodities","In the current Covid chaos, Gold is a clear winner",https://www.marmoremena.com/wp-content/uploads/2020/07/Performance-of-Commodities-scaled.jpg,2020-07-22,performance-of-commodities
5195,"Performance of U.S Tech Giants","U.S tech giants trounce economic catastrophe to emerge as clear winners.",https://www.marmoremena.com/wp-content/uploads/2020/07/Performance-of-U.S-Tech-Giants-scaled.jpg,2020-07-23,performance-of-u-s-tech-giants
5253,"Performance of Travel & Hospitality Stocks","Coronavirus has taken its toll on travel industry. Airlines and hotels struggle to survive",https://www.marmoremena.com/wp-content/uploads/2020/07/Performance-of-Travel-Hospitality-Stocks-scaled.jpg,2020-07-26,performance-of-travel-hospitality-stocks
5306,"Performance of Global Market Indices","China and U.S stocks recover from COVID-19 effects faster than others. UK, France and Italy lags.",https://www.marmoremena.com/wp-content/uploads/2020/07/Performance-of-Global-Market-Indices-scaled.jpg,2020-07-27,performance-of-global-market-indices
5445,"Performance of U.S 10-year Treasury Bond","US treasury yield moves lower as US Fed holds interest rates steady",https://www.marmoremena.com/wp-content/uploads/2020/07/Performance-of-U.S-10-year-Treasury-Bond-scaled.jpg,2020-07-30,performance-of-u-s-10-year-treasury-bond
5491,"GCC COVID-19 mobility trends","While GCC mobility recovered from the May's drop, it has remained relatively flat in June and July indicating a slow or plateaued recovery",https://www.marmoremena.com/wp-content/uploads/2020/08/GCC-COVID-19-mobility-trends-scaled.jpg,2020-08-03,gcc-covid-19-mobility-trends
5502,"Performance of GCC Sovereign CDS Spreads","GCC Sovereign CDS spreads ease as economic conditions improve",https://www.marmoremena.com/wp-content/uploads/2020/08/Performance-of-GCC-Sovereign-CDS-Spreads-scaled.jpg,2020-08-04,performance-of-gcc-sovereign-cds-spreads
5627,"Evolution of Cost of Capital in the GCC","In the GCC region - Cost of capital, a key metric to value investments, has evolved over the years. What has been the impact of COVID-19?",https://www.marmoremena.com/wp-content/uploads/2021/11/Evolution-of-Cost-of-Capital-in-the-GCC-1200x879.jpg,2020-08-12,evolution-of-cost-of-capital-in-the-gcc
6154,"Saudi Arabia's export of key items to USA is just a fraction of China's exports to USA, can this change?","Could frictions between U.S. & China be a window of opportunity for KSA.",https://www.marmoremena.com/wp-content/uploads/2020/10/World-vs-China-Infographic-Saudi-Arabia.jpg,2020-10-19,saudi-arabias-export-of-key-items-to-usa-is-just-a-fraction-of-chinas-exports-to-usa-can-this-change
6183,"UAE's export of key items to USA is just a fraction of China's exports to USA, can this change?","Could frictions between U.S. & China be a window of opportunity for UAE.",https://www.marmoremena.com/wp-content/uploads/2020/10/World-vs-China-Infographic_UAE.jpg,2020-10-20,uaes-export-of-key-items-to-usa-is-just-a-fraction-of-chinas-exports-to-usa-can-this-change
6187,"In Comparison to China, Kuwait barely exports to the USA. Can this change?","Can trade war between U.S. & China be an opportunity for Kuwait to increase its exports to the USA?",https://www.marmoremena.com/wp-content/uploads/2020/10/World-vs-China-Infographic_Kuwait.jpg,2020-10-21,in-comparison-to-china-kuwait-barely-exports-to-the-usa-can-this-change
6204,"Qatar's export of key items to USA is just a fraction of China's exports to USA, can this change?","Could frictions between U.S. & China be a window of opportunity for Qatar.",https://www.marmoremena.com/wp-content/uploads/2020/10/World-vs-China-Infographic_Qatar.jpg,2020-10-22,qatars-export-of-key-items-to-usa-is-just-a-fraction-of-chinas-exports-to-usa-can-this-change
6398,"U.S Treasury Yield and GDP Deflator","Could the secular decline in yields survive COVID-19 induced liquidity glut? ",https://www.marmoremena.com/wp-content/uploads/2020/12/U.S-Treasury-Yield-and-GDP-Deflator-21-Dec-2020-Marmore-Infographic.jpg,2020-12-20,u-s-treasury-yield-and-gdp-deflator
6445,"Saudi Arabia Treasury Yield & GDP Deflator","Could higher inflation threaten the splendid rally in KSA Sovereign bonds?",https://www.marmoremena.com/wp-content/uploads/2021/01/Saudi-Arabia-Treasury-Yield-GDP-Deflator-Marmore-Research.jpg,2021-01-05,saudi-arabia-treasury-yield-gdp-deflator
6448,"Qatar Treasury Yield & GDP Deflator","Investors lap up Qatar sovereign bonds as yields plummet. How low could the yields go?",https://www.marmoremena.com/wp-content/uploads/2021/01/Qatar-Treasury-Yield-GDP-Deflator-Marmore-Research.jpg,2021-01-05,qatar-treasury-yield-gdp-deflator
6449,"Market Performance","Market Performance",https://www.marmoremena.com/wp-content/uploads/2021/09/Market-Performance-02-Oct-2021-Marmore-Research.jpg,2021-10-02,market-performance
6922,"Kuwait - Daily New Covid Cases","Did you know? 
Kuwait is facing a more acute second wave of COVID19",https://www.marmoremena.com/wp-content/uploads/2021/04/Kuwait-is-facing-a-more-acute-second-wave-of-COVID19.jpg,2021-04-12,kuwait-daily-new-covid-cases
6924,"Kuwait population by Age, 2019","Kuwait population pyramid-untypical bulge",https://www.marmoremena.com/wp-content/uploads/2021/04/Kuwait-population-pyramid-untypical-bulge.jpg,2021-04-13,kuwait-population-by-age-2019
6926,"Saudi Arabia Economic Indicators","Services dominate in Saudi GDP as much as Oil",https://www.marmoremena.com/wp-content/uploads/2021/04/Services-dominate-in-Saudi-GDP-as-much-as-Oil.jpg,2021-04-13,saudi-arabia-economic-indicators
6929,"UAE – Daily New Covid Cases","Did you know: UAE faces an acute second wave of the virus, which peaked in February and have since subsided.",https://www.marmoremena.com/wp-content/uploads/2021/04/UAE-Daily-New-Covid-Cases.jpg,2021-04-15,uae-daily-new-covid-cases
6932,"KSA Fiscal Position, Debt & Reserves","The fiscal triangle of Saudi Arabia: Higher deficit, higher debt, and lower reserves.",https://www.marmoremena.com/wp-content/uploads/2021/04/KSA-FISCAL-POSITION-DEBT-RESERVES.jpg,2021-04-15,ksa-fiscal-position-debt-reserves
6940,"India Covid-19 Daily New Cases","Did you know: India faces an acute second wave of the virus, which is much steeper and yet to peak.",https://www.marmoremena.com/wp-content/uploads/2021/04/India-COVID-19-Daily-New-Cases.jpg,2021-04-18,india-covid-19-daily-new-cases
6943,"UAE Economic Activity, GDP","UAE enjoys a diversified services sector.",https://www.marmoremena.com/wp-content/uploads/2021/04/UAE-Economic-Activity-GDP.jpg,2021-04-18,uae-economic-activity-gdp
6951,"Banking Indicators - UAE","Banking assets in UAE are twice as much as its GDP",https://www.marmoremena.com/wp-content/uploads/2021/04/Banking-Indicators-UAE.jpg,2021-04-19,banking-indicators-uae
6953,"Qatar Covid-19 Daily New Cases","Did you know: Post steep first wave of the virus, the second wave is yet building up in Qatar.",https://www.marmoremena.com/wp-content/uploads/2021/04/Qatar-COVID-19-Daily-New-Cases.jpg,2021-04-19,qatar-covid-19-daily-new-cases
6957,"Bahrain Covid-19 Daily New Cases","Did you know: In Bahrain, current new COVID-19 cases as a percentage of earlier peak is at 1.21x.",https://www.marmoremena.com/wp-content/uploads/2021/04/Bahrain-COVID-19-Daily-New-Cases.jpg,2021-04-20,bahrain-covid-19-daily-new-cases
6959,"UAE Trade Statistics","UAE imports the most from China and India, while India is its top export destination as well.",https://www.marmoremena.com/wp-content/uploads/2021/04/UAE-Trade-Statistics.jpg,2021-04-20,uae-trade-statistics
6962,"USA Covid-19 Daily New Cases","Did you know: While most of the nations are into second wave of COVID-19, USA is about to have a 4th wave. Each subsequent wave had a new higher peak as the second wave peak was 1.11 times higher than the first wave peak, and third wave peak was 2.96 times higher than the second wave.",https://www.marmoremena.com/wp-content/uploads/2021/04/USA-COVID-19-Daily-New-Cases.jpg,2021-04-21,usa-covid-19-daily-new-cases
6965,"Ease of Doing Business Rankings - UAE","Starting a business, getting credit, and protecting minority interest witnessed major improvements, resulting in significant improvement in UAE's Ease of Doing Business Rankings.",https://www.marmoremena.com/wp-content/uploads/2021/04/Ease-of-Doing-Business-Rankings-UAE.jpg,2021-04-21,ease-of-doing-business-rankings-uae
6970,"GCC Labour Market","Saudi Arabia, Bahrain, and Oman has better representation of Nationals working in the private sector, whereas other GCC countries lag.",https://www.marmoremena.com/wp-content/uploads/2021/04/GCC-Labour-Market.jpg,2021-04-22,gcc-labour-market
6972,"UK Covid-19 Daily New Cases","Did you know: UK just got over its second wave which had a peak higher by 12.4 times compared to it's first wave. Would UK see another wave in 2021?",https://www.marmoremena.com/wp-content/uploads/2021/04/UK-COVID-19-Daily-New-Cases.jpg,2021-04-22,uk-covid-19-daily-new-cases
6978,"Qatar Global Competitiveness Ranking","Qatar showed substantial improvement in ICT adoption, but faltered on other parameters which led to drop in its global competitiveness ranking.",https://www.marmoremena.com/wp-content/uploads/2021/04/Qatar-Global-Competitiveness-Ranking.jpg,2021-04-25,qatar-global-competitiveness-ranking
6980,"GCC Total Cases per million","Did you know: On COVID-19 Cases per Million basis - Bahrain is the worst affected country in the GCC, while Saudi Arabia has managed really well to contain the spread.
",https://www.marmoremena.com/wp-content/uploads/2021/04/GCC-Total-cases-per-million.jpg,2021-04-25,gcc-total-cases-per-million
6983,"GCC - New Covid-19 Tests Performed per Thousand People","Did you know: UAE leads in terms of testing more people for COVID-19, followed by Bahrain. Other GCC countries are yet to catch up. ",https://www.marmoremena.com/wp-content/uploads/2021/04/GCC-New-Covid-19-Tests-per-Thousand.jpg,2021-04-26,gcc-new-covid-19-tests-performed-per-thousand-people
6993,"GCC's Fiscal Breakeven Oil Price","Oil prices are back to pre-covid levels and are cushioning the borrowing requirements of the region. ",https://www.marmoremena.com/wp-content/uploads/2021/04/GCCs-Fiscal-Breakeven-Oil-Price.jpg,2021-04-26,gccs-fiscal-breakeven-oil-price
6996,"Germany new COVID-19 cases","Did you know: As Germany weathers the third wave of COVID-19 it has imposed strict lockdown measures to contain the spread. ",https://www.marmoremena.com/wp-content/uploads/2021/04/Germany-new-COVID-19-cases.jpg,2021-04-27,germany-new-covid-19-cases
6999,"GCC Current Account Balance (% GDP)"," Except UAE, all other GCC nations are expected to post a negative current account balance. ",https://www.marmoremena.com/wp-content/uploads/2021/04/GCC-Current-Account-Balance.jpg,2021-04-27,gcc-current-account-balance-gdp
7005,"Italy new COVID-19 cases","Did you know: In Italy (currently in third wave), any region with more than 250 COVID cases per 100,000 is placed under ""red"" category meaning bars, restaurants and schools must close. ",https://www.marmoremena.com/wp-content/uploads/2021/04/Italy-new-COVID-19-cases.jpg,2021-04-28,italy-new-covid-19-cases
7016,"France new COVID-19 cases","Did you know: France might have crossed the peak of the third wave of the Covid-19 pandemic, as schools would open and restrictions confining people to a 10-kilometre (six-mile) radius of their homes would be dropped from May 3",https://www.marmoremena.com/wp-content/uploads/2021/04/France-new-COVID-19-cases.jpg,2021-04-29,france-new-covid-19-cases
7023,"Ease of Doing Business","Except UAE, Ease of doing Business rankings improved for all other GCC countries in 2020",https://www.marmoremena.com/wp-content/uploads/2021/04/Ease-of-Doing-Business.jpg,2021-04-29,ease-of-doing-business
7118,"Global Competitiveness","In 2020, all GCC nations witnessed improvement in Global Competitiveness rankings, except Oman.",https://www.marmoremena.com/wp-content/uploads/2021/05/Global-Competitiveness.jpg,2021-05-02,global-competitiveness
7120,"GCC New COVID-19 cases per million","Did you know: Only Qatar and UAE managed to bring down their new COVID-19 reported cases on a per million people bases, while there has been slight deterioration for other GCC nations in the month of April.",https://www.marmoremena.com/wp-content/uploads/2021/05/GCC-New-COVID-19-cases-per-million.jpg,2021-05-02,gcc-new-covid-19-cases-per-million
7126,"% of GCC Population infected with COVID-19","Did you know: Despite being the most populous country in the GCC region, only 1.2% of the total population was infected with COVID-19 virus in Saudi Arabia, while in Bahrain about 10.4% of the population was infected with the virus.",https://www.marmoremena.com/wp-content/uploads/2021/05/GCC-Population-infected-with-COVID-19.jpg,2021-05-03,of-gcc-population-infected-with-covid-19
7133,"% of Population Vaccinated","Did you know: USA is one of the most active nations in terms of vaccination drive as it is close to vaccinate about one-third of its population against COVID-19 virus.
",https://www.marmoremena.com/wp-content/uploads/2021/05/of-Population-Vaccinated.jpg,2021-05-04,of-population-vaccinated
7728,"Weight of Countries in MSCI EM Index","GCC countries have low weightage in MSCI EM Index compared to leading emerging markets",https://www.marmoremena.com/wp-content/uploads/2021/07/Weight-of-Countries-in-MSCI-EM-Index.jpg,2021-07-07,weight-of-countries-in-msci-em-index
7750,"MSCI EM Index by Sector","Energy sector has low weightage in MSCI EM Index impacting GCC stocks",https://www.marmoremena.com/wp-content/uploads/2021/07/MSCI-EM-Index-by-Sector.jpg,2021-07-08,msci-em-index-by-sector
7818,"Weightage in MSCI EM in %","Top GCC Companies in the MSCI EM Index",https://www.marmoremena.com/wp-content/uploads/2021/07/Weightage-in-MSCI-EM-in-.jpg,2021-07-11,weightage-in-msci-em-in
8153,"Cost of Capital for GCC Countries - H1 2021","Cost of capital under the three methods with average",https://www.marmoremena.com/wp-content/uploads/2021/08/Cost-of-Capital-for-GCC-countries-H1-2021.jpg,2021-08-02,cost-of-capital-for-gcc-countries-h1-2021
8448,"Saudi Arabia Healthcare Spending","Saudi Arabia has been consistently increasing healthcare spending in recent years, though it lags behind developed economies on a per-capita basis.",https://www.marmoremena.com/wp-content/uploads/2021/09/KSA-Healthcare-Report_Infographic.jpg,2021-09-13,saudi-arabia-healthcare-spending
8474,"Kuwait A Popular Luxury Retail Destination","Affluent population and increasing consumer spending augur well for Kuwait as a leading luxury retail destination",https://www.marmoremena.com/wp-content/uploads/2021/09/Kuwait-Luxury-Retail-Infographic.jpg,2021-09-15,kuwait-a-popular-luxury-retail-destination
8477,"Covid-19 Impacted UAE's F&B Sales","COVID-19 impacted UAE’s F&B sales and the sector is expected to recover in the coming five years.",https://www.marmoremena.com/wp-content/uploads/2021/09/GCC-Food-Beverage-Sector_Infographics.jpg,2021-09-16,covid-19-impacted-uaes-fb-sales
8480,"Saudi Aramco Largest and Most Profitable Oil Company","Saudi Aramco is not only the largest but also the most profitable oil company in the World
",https://www.marmoremena.com/wp-content/uploads/2021/09/Financial-Analysis-of-Saudi-Arabian-Oil-Company_Infographics.jpg,2021-09-16,saudi-aramco-largest-and-most-profitable-oil-company
8575,"Fiscal breakeven oil price for MENA Oil exporters (USD/bbl)","Oil exporters could accrue gains as OPEC+ resists calls to accelerate production",https://www.marmoremena.com/wp-content/uploads/2021/10/Fiscal-breakeven-oil-price-for-MENA-Oil-exporters-.jpg,2021-10-05,fiscal-breakeven-oil-price-for-mena-oil-exporters-usd-bbl
8875,"Residential Market Gross Rental Yield (%)","Rental yields in UAE remain relatively high (nearly 6%). High yields incentivize investors who need steady stream of income.",https://www.marmoremena.com/wp-content/uploads/2021/11/Residential-Market-Gross-Rental-Yield_1024x576.jpg,2021-11-18,residential-market-gross-rental-yield
8889,"Residential Market Price-to-Income Ratio (Years)","UAE residential real estate scores high on affordability quotient as it shifted focus from luxury segment towards affordable projects.",https://www.marmoremena.com/wp-content/uploads/2021/11/Residential-Market-Price-to-Income-Ratio_1024x576.jpg,2021-11-22,residential-market-price-to-income-ratio-years
